"year","week","zone","spp","pools_G","pools_L","n_pools","pos_pools_G","pos_pools_L","n_pos_pools","mosq","mosq_L","trap_L_func","abund","pir","pir_lci","pir_uci","vi","vi_lci","vi_uci"
"2024","23","NW","Pipiens",1,3,4,0,0,0,9,4,9,0.44,0,0,0.2346,0,0,0.1032
"2024","23","NW","Tarsalis",0,4,4,0,0,0,11,11,9,1.22,0,0,0.2072,0,0,0.2528
"2024","23","NW","All",1,7,8,0,0,0,20,15,9,1.66,0,0,0.214457831325301,0,0,0.356
"2024","23","NE","Pipiens",2,3,5,0,0,0,12,5,10,0.5,0,0,0.2045,0,0,0.1022
"2024","23","NE","Tarsalis",1,6,7,0,0,0,26,25,10,2.5,0,0,0.0982,0,0,0.2455
"2024","23","NE","All",3,9,12,0,0,0,38,30,10,3,0,0,0.1159,0,0,0.3477
"2024","23","SE","Pipiens",3,1,4,0,0,0,15,1,14,0.07,0,0,0.1509,0,0,0.0106
"2024","23","SE","Tarsalis",0,9,9,0,0,0,24,24,14,1.71,0,0,0.1175,0,0,0.2009
"2024","23","SE","All",3,10,13,0,0,0,39,25,14,1.78,0,0,0.118820224719101,0,0,0.2115
"2024","23","SW","Pipiens",1,3,4,0,0,0,4,3,9,0.33,0,0,0.4899,0,0,0.1617
"2024","23","SW","Tarsalis",0,4,4,0,0,0,21,21,9,2.33,0,0,0.0848,0,0,0.1976
"2024","23","SW","All",1,7,8,0,0,0,25,24,9,2.66,0,0,0.135075187969925,0,0,0.3593
"2024","23","FC","Pipiens",7,10,17,0,0,0,40,13,42,0.31,0,0,0.0791,0,0,0.0245
"2024","23","FC","Tarsalis",1,23,24,0,0,0,82,81,42,1.93,0,0,0.0393,0,0,0.0758
"2024","23","FC","All",8,33,41,0,0,0,122,94,42,2.24,0,0,0.0447767857142857,0,0,0.1003
"2024","23","LV","Tarsalis",0,6,6,0,0,0,53,53,6,8.83,0,0,0.0456,0,0,0.4026
"2024","23","LV","All",0,6,6,0,0,0,53,53,6,8.83,0,0,0.04559456398641,0,0,0.4026
"2024","23","BE","Pipiens",0,1,1,0,0,0,1,1,10,0.1,0,0,0.7935,0,0,0.0794
"2024","23","BE","Tarsalis",0,3,3,0,0,0,5,5,10,0.5,0,0,0.367,0,0,0.1835
"2024","23","BE","All",0,4,4,0,0,0,6,6,10,0.6,0,0,0.438166666666667,0,0,0.2629
"2024","24","NW","Pipiens",2,3,5,0,0,0,27,7,9,0.78,0,0,0.0849,0,0,0.0662
"2024","24","NW","Tarsalis",0,4,4,0,0,0,8,8,9,0.89,0,0,0.2788,0,0,0.2481
"2024","24","NW","All",2,7,9,0,0,0,35,15,9,1.67,0,0,0.188203592814371,0,0,0.3143
"2024","24","NE","Pipiens",3,1,4,0,0,0,10,1,10,0.1,0,0,0.2085,0,0,0.0209
"2024","24","NE","Tarsalis",0,6,6,0,0,0,18,18,10,1.8,0,0,0.1321,0,0,0.2378
"2024","24","NE","All",3,7,10,0,0,0,28,19,10,1.9,0,0,0.136157894736842,0,0,0.2587
"2024","24","SE","Pipiens",3,2,5,0,0,0,67,4,15,0.27,0,0,0.0345,0,0,0.0093
"2024","24","SE","Tarsalis",0,8,8,0,0,0,29,29,15,1.93,0,0,0.0946,0,0,0.1826
"2024","24","SE","All",3,10,13,0,0,0,96,33,15,2.2,0,0,0.0872272727272727,0,0,0.1919
"2024","24","SW","Pipiens",1,2,3,0,0,0,17,5,9,0.56,0,0,0.1175,0,0,0.0658
"2024","24","SW","Tarsalis",0,4,4,0,0,0,7,7,9,0.78,0,0,0.3062,0,0,0.2388
"2024","24","SW","All",1,6,7,0,0,0,24,12,9,1.34,0,0,0.227313432835821,0,0,0.3046
"2024","24","FC","Pipiens",9,8,17,0,0,0,121,17,43,0.4,0,0,0.0247,0,0,0.0099
"2024","24","FC","Tarsalis",0,22,22,0,0,0,62,62,43,1.44,0,0,0.0528,0,0,0.076
"2024","24","FC","All",9,30,39,0,0,0,183,79,43,1.84,0,0,0.0466847826086957,0,0,0.0859
"2024","24","LV","Pipiens",0,1,1,0,0,0,1,1,6,0.17,0,0,0.7935,0,0,0.1349
"2024","24","LV","Tarsalis",0,4,4,0,0,0,31,31,6,5.17,0,0,0.067,0,0,0.3464
"2024","24","LV","All",0,5,5,0,0,0,32,32,6,5.34,0,0,0.0901310861423221,0,0,0.4813
"2024","24","BE","Pipiens",0,1,1,0,0,0,1,1,10,0.1,0,0,0.7935,0,0,0.0794
"2024","24","BE","Tarsalis",0,9,9,0,0,0,75,75,10,7.5,0,0,0.0348,0,0,0.261
"2024","24","BE","All",0,10,10,0,0,0,76,76,10,7.6,0,0,0.0447894736842105,0,0,0.3404
"2024","25","NW","Pipiens",1,6,7,0,0,0,22,19,8,2.38,0,0,0.1149,0,0,0.2735
"2024","25","NW","Tarsalis",0,5,5,0,0,0,34,34,8,4.25,0,0,0.0664,0,0,0.2822
"2024","25","NW","All",1,11,12,0,0,0,56,53,8,6.63,0,0,0.083815987933635,0,0,0.5557
"2024","25","NE","Pipiens",3,5,8,0,0,0,37,14,9,1.56,0,0,0.0678,0,0,0.1058
"2024","25","NE","Tarsalis",0,8,8,0,0,0,120,120,9,13.33,0,0,0.023,0,0,0.3066
"2024","25","NE","All",3,13,16,0,0,0,157,134,9,14.89,0,0,0.027696440564137,0,0,0.4124
"2024","25","SE","Pipiens",3,1,4,0,0,0,32,1,15,0.07,0,0,0.0695,0,0,0.0049
"2024","25","SE","Tarsalis",2,14,16,0,0,0,99,96,15,6.4,0,0,0.0314,0,0,0.201
"2024","25","SE","All",5,15,20,0,0,0,131,97,15,6.47,0,0,0.0318238021638331,0,0,0.2059
"2024","25","SW","Pipiens",1,1,2,0,0,0,7,4,9,0.44,0,0,0.2624,0,0,0.1155
"2024","25","SW","Tarsalis",0,4,4,0,0,0,11,11,9,1.22,0,0,0.1951,0,0,0.238
"2024","25","SW","All",1,5,6,0,0,0,18,15,9,1.66,0,0,0.212951807228916,0,0,0.3535
"2024","25","FC","Pipiens",8,13,21,0,0,0,98,38,41,0.93,0,0,0.0325,0,0,0.0302
"2024","25","FC","Tarsalis",2,31,33,0,0,0,264,261,41,6.37,0,0,0.0128,0,0,0.0815
"2024","25","FC","All",10,44,54,0,0,0,362,299,41,7.3,0,0,0.0153013698630137,0,0,0.1117
"2024","25","LV","Pipiens",0,2,2,0,0,0,2,2,6,0.33,0,0,0.6576,0,0,0.217
"2024","25","LV","Tarsalis",0,7,7,0,0,0,98,98,6,16.33,0,0,0.0261,0,0,0.4262
"2024","25","LV","All",0,9,9,0,0,0,100,100,6,16.66,0,0,0.0386074429771909,0,0,0.6432
"2024","25","BE","Pipiens",0,5,5,0,0,0,5,5,10,0.5,0,0,0.4345,0,0,0.2172
"2024","25","BE","Tarsalis",0,11,11,0,0,0,165,165,10,16.5,0,0,0.0167,0,0,0.2756
"2024","25","BE","All",0,16,16,0,0,0,170,170,10,17,0,0,0.0289882352941176,0,0,0.4928
"2024","26","NW","Pipiens",3,7,10,0,0,0,91,29,8,3.62,0,0,0.0276,0,0,0.0999
"2024","26","NW","Tarsalis",0,7,7,0,0,0,43,43,8,5.38,0,0,0.0573,0,0,0.3083
"2024","26","NW","All",3,14,17,0,0,0,134,72,8,9,0,0,0.0453555555555556,0,0,0.4082
"2024","26","NE","Pipiens",5,6,11,0,0,0,135,26,10,2.6,0,0,0.0205,0,0,0.0533
"2024","26","NE","Tarsalis",2,12,14,0,0,0,269,264,10,26.4,0,0,0.0116,0,0,0.3062
"2024","26","NE","All",7,18,25,0,0,0,404,290,10,29,0,0,0.0123965517241379,0,0,0.3595
"2024","26","SE","Pipiens",2,7,9,0,0,0,45,22,15,1.47,0,0,0.0601,0,0,0.0883
"2024","26","SE","Tarsalis",0,16,16,0,0,0,212,212,15,14.13,0,0,0.0142,0,0,0.2006
"2024","26","SE","All",2,23,25,0,0,0,257,234,15,15.6,0,0,0.0185192307692308,0,0,0.2889
"2024","26","SW","Pipiens",1,6,7,0,0,0,19,6,9,0.67,0,0,0.1116,0,0,0.0748
"2024","26","SW","Tarsalis",0,6,6,0,0,0,17,17,9,1.89,0,0,0.1488,0,0,0.2812
"2024","26","SW","All",1,12,13,0,0,0,36,23,9,2.56,0,0,0.1390625,0,0,0.356
"2024","26","FC","Pipiens",11,26,37,0,0,0,290,83,42,1.98,0,0,0.0114,0,0,0.0226
"2024","26","FC","Tarsalis",2,41,43,0,0,0,541,536,42,12.76,0,0,0.0064,0,0,0.0817
"2024","26","FC","All",13,67,80,0,0,0,831,619,42,14.74,0,0,0.00707598371777476,0,0,0.1043
"2024","26","LV","Pipiens",0,2,2,0,0,0,8,8,6,1.33,0,0,0.2201,0,0,0.2927
"2024","26","LV","Tarsalis",0,8,8,0,0,0,198,198,6,33,0,0,0.0144,0,0,0.4752
"2024","26","LV","All",0,10,10,0,0,0,206,206,6,34.33,0,0,0.0223681910865133,0,0,0.7679
"2024","26","BE","Pipiens",0,6,6,0,0,0,19,19,10,1.9,0,0,0.1343,0,0,0.2552
"2024","26","BE","Tarsalis",0,20,20,0,0,0,500,500,10,50,0,0,0.0067,0,0,0.335
"2024","26","BE","All",0,26,26,0,0,0,519,519,10,51.9,0,0,0.0113718689788054,0,0,0.5902
"2024","26","BC","Tarsalis",0,5,5,0,0,0,100,100,5,20,0,0,0.0271,0,0,0.542
"2024","26","BC","All",0,5,5,0,0,0,100,100,5,20,0,0,0.0271,0,0,0.542
"2024","27","NW","Pipiens",2,7,9,0,0,0,56,30,9,3.33,0,0,0.0486,0,0,0.1618
"2024","27","NW","Tarsalis",0,7,7,0,0,0,31,31,9,3.44,0,0,0.0742,0,0,0.2552
"2024","27","NW","All",2,14,16,0,0,0,87,61,9,6.77,0,0,0.0615952732644018,0,0,0.417
"2024","27","NE","Pipiens",7,6,13,0,0,0,227,36,10,3.6,0,0,0.0131,0,0,0.0472
"2024","27","NE","Tarsalis",1,9,10,0,0,0,168,167,10,16.7,0,0,0.0176,0,0,0.2939
"2024","27","NE","All",8,15,23,0,0,0,395,203,10,20.3,0,0,0.0168029556650246,0,0,0.3411
"2024","27","SE","Pipiens",3,9,12,0,0,0,98,21,15,1.4,0,0,0.0263,0,0,0.0368
"2024","27","SE","Tarsalis",0,14,14,0,0,0,127,127,15,8.47,0,0,0.0248,0,0,0.2101
"2024","27","SE","All",3,23,26,0,0,0,225,148,15,9.87,0,0,0.0250151975683891,0,0,0.2469
"2024","27","SW","Pipiens",1,4,5,0,0,0,15,8,9,0.89,0,0,0.1563,0,0,0.1391
"2024","27","SW","Tarsalis",0,4,4,0,0,0,10,10,9,1.11,0,0,0.2166,0,0,0.2404
"2024","27","SW","All",1,8,9,0,0,0,25,18,9,2,0,0,0.18975,0,0,0.3795
"2024","27","FC","Pipiens",13,26,39,0,0,0,396,95,43,2.21,0,0,0.0085,0,0,0.0188
"2024","27","FC","Tarsalis",1,34,35,0,0,0,336,335,43,7.79,0,0,0.0102,0,0,0.0795
"2024","27","FC","All",14,60,74,0,0,0,732,430,43,10,0,0,0.00983,0,0,0.0983
"2024","27","LV","Pipiens",0,2,2,0,0,0,7,7,6,1.17,0,0,0.2624,0,0,0.307
"2024","27","LV","Tarsalis",0,7,7,0,0,0,183,183,6,30.5,0,0,0.0155,0,0,0.4728
"2024","27","LV","All",0,9,9,0,0,0,190,190,6,31.67,0,0,0.0246226712977581,0,0,0.7798
"2024","27","BE","Pipiens",0,8,8,0,0,0,35,35,10,3.5,0,0,0.0756,0,0,0.2646
"2024","27","BE","Tarsalis",0,21,21,0,0,0,530,530,10,53,0,0,0.0063,0,0,0.3339
"2024","27","BE","All",0,29,29,0,0,0,565,565,10,56.5,0,0,0.0105929203539823,0,0,0.5985
"2024","27","BC","Tarsalis",0,5,5,0,0,0,123,123,5,24.6,0,0,0.0213,0,0,0.524
"2024","27","BC","All",0,5,5,0,0,0,123,123,5,24.6,0,0,0.0213008130081301,0,0,0.524
"2024","28","NW","Pipiens",3,9,12,0,0,0,148,79,9,8.78,0,0,0.0199,0,0,0.1747
"2024","28","NW","Tarsalis",0,8,8,0,0,0,88,88,9,9.78,0,0,0.0279,0,0,0.2729
"2024","28","NW","All",3,17,20,0,0,0,236,167,9,18.56,0,0,0.0241163793103448,0,0,0.4476
"2024","28","NE","Pipiens",4,6,10,0,0,0,113,60,10,6,0,0,0.0255,0,0,0.153
"2024","28","NE","Tarsalis",0,10,10,0,0,0,145,145,10,14.5,0,0,0.0207,0,0,0.3001
"2024","28","NE","All",4,16,20,0,0,0,258,205,10,20.5,0,0,0.0221024390243902,0,0,0.4531
"2024","28","SE","Pipiens",4,11,15,0,0,0,188,82,15,5.47,0,0,0.0164,0,0,0.0897
"2024","28","SE","Tarsalis",1,15,16,0,0,0,306,305,15,20.33,0,0,0.0103,0,0,0.2094
"2024","28","SE","All",5,26,31,0,0,0,494,387,15,25.8,0,0,0.011593023255814,0,0,0.2991
"2024","28","SW","Pipiens",1,6,7,0,0,0,49,26,8,3.25,0,0,0.0507,0,0,0.1648
"2024","28","SW","Tarsalis",0,8,8,0,0,0,74,74,8,9.25,0,0,0.0379,0,0,0.3506
"2024","28","SW","All",1,14,15,0,0,0,123,100,8,12.5,0,0,0.041232,0,0,0.5154
"2024","28","FC","Pipiens",12,32,44,0,0,0,498,247,42,5.88,0,0,0.0071,0,0,0.0417
"2024","28","FC","Tarsalis",1,41,42,0,0,0,613,612,42,14.57,0,0,0.0057,0,0,0.083
"2024","28","FC","All",13,73,86,0,0,0,1111,859,42,20.45,0,0,0.00609779951100245,0,0,0.1247
"2024","28","LV","Pipiens",0,4,4,0,0,0,23,23,6,3.83,0,0,0.0987,0,0,0.378
"2024","28","LV","Tarsalis",0,9,9,0,0,0,283,283,6,47.17,0,0,0.0107,0,0,0.5047
"2024","28","LV","All",0,13,13,0,0,0,306,306,6,51,0,0,0.0173078431372549,0,0,0.8827
"2024","28","BE","Pipiens",0,6,6,0,1,1,49,49,10,4.9,0.0179,0.0012,0.0817,0.0877,0.0059,0.4003
"2024","28","BE","Tarsalis",0,19,19,0,0,0,532,532,10,53.2,0,0,0.0063,0,0,0.3352
"2024","28","BE","All",0,25,25,0,1,1,581,581,10,58.1,0.00150946643717728,0.000101549053356282,0.0126592082616179,0.0877,0.0059,0.7355
"2024","28","BC","Tarsalis",0,5,5,0,0,0,225,225,5,45,0,0,0.0125,0,0,0.5625
"2024","28","BC","All",0,5,5,0,0,0,225,225,5,45,0,0,0.0125,0,0,0.5625
"2024","29","NW","Pipiens",3,8,11,0,0,0,178,91,9,10.11,0,0,0.0165,0,0,0.1668
"2024","29","NW","Tarsalis",1,8,9,0,0,0,142,141,9,15.67,0,0,0.0192,0,0,0.3009
"2024","29","NW","All",4,16,20,0,0,0,320,232,9,25.78,0,0,0.0181419705197828,0,0,0.4677
"2024","29","NE","Pipiens",7,7,14,0,0,0,271,67,9,7.44,0,0,0.0115,0,0,0.0856
"2024","29","NE","Tarsalis",1,12,13,0,2,2,290,289,9,32.11,0.0074,0.0014,0.0247,0.2376,0.045,0.7931
"2024","29","NE","All",8,19,27,0,2,2,561,356,9,39.55,0.00600758533501896,0.0011378002528445,0.0222174462705436,0.2376,0.045,0.8787
"2024","29","SE","Pipiens",5,11,16,0,0,0,233,62,15,4.13,0,0,0.0131,0,0,0.0541
"2024","29","SE","Tarsalis",2,16,18,0,1,1,272,269,15,17.93,0.0038,2e-04,0.0197,0.0681,0.0036,0.3532
"2024","29","SE","All",7,27,34,0,1,1,505,331,15,22.06,0.00308703535811423,0.000163191296464189,0.0184632819582956,0.0681,0.0036,0.4073
"2024","29","SW","Pipiens",1,6,7,0,0,0,47,18,9,2,0,0,0.0491,0,0,0.0982
"2024","29","SW","Tarsalis",0,6,6,0,0,0,26,26,9,2.89,0,0,0.0903,0,0,0.261
"2024","29","SW","All",1,12,13,0,0,0,73,44,9,4.89,0,0,0.0734560327198364,0,0,0.3592
"2024","29","FC","Pipiens",16,32,48,0,0,0,729,238,42,5.67,0,0,0.0049,0,0,0.0278
"2024","29","FC","Tarsalis",4,42,46,0,3,3,730,725,42,17.26,0.0044,0.0012,0.0121,0.0759,0.0207,0.2088
"2024","29","FC","All",20,74,94,0,3,3,1459,963,42,22.93,0.00331007413868295,0.000902747492368077,0.0103183602267771,0.0759,0.0207,0.2366
"2024","29","LV","Pipiens",0,2,2,0,0,0,2,2,6,0.33,0,0,0.6576,0,0,0.217
"2024","29","LV","Tarsalis",0,5,5,0,1,1,127,127,6,21.17,0.008,5e-04,0.0411,0.1694,0.0106,0.8701
"2024","29","LV","All",0,7,7,0,1,1,129,129,6,21.5,0.00787906976744186,0.000493023255813953,0.0505627906976744,0.1694,0.0106,1.0871
"2024","29","BE","Pipiens",0,7,7,0,0,0,66,66,10,6.6,0,0,0.037,0,0,0.2442
"2024","29","BE","Tarsalis",0,32,32,0,3,3,1069,1069,10,106.9,0.0028,8e-04,0.0076,0.2993,0.0855,0.8124
"2024","29","BE","All",0,39,39,0,3,3,1135,1135,10,113.5,0.00263700440528634,0.000753303964757709,0.00930925110132159,0.2993,0.0855,1.0566
"2024","29","BC","Tarsalis",0,5,5,0,0,0,245,245,5,49,0,0,0.0116,0,0,0.5684
"2024","29","BC","All",0,5,5,0,0,0,245,245,5,49,0,0,0.0116,0,0,0.5684
"2024","30","NW","Pipiens",3,10,13,0,0,0,273,157,9,17.44,0,0,0.0114,0,0,0.1988
"2024","30","NW","Tarsalis",0,8,8,0,0,0,60,60,9,6.67,0,0,0.0473,0,0,0.3155
"2024","30","NW","All",3,18,21,0,0,0,333,217,9,24.11,0,0,0.0213313977602654,0,0,0.5143
"2024","30","NE","Pipiens",4,7,11,0,0,0,134,49,10,4.9,0,0,0.0214,0,0,0.1049
"2024","30","NE","Tarsalis",2,10,12,0,0,0,74,72,10,7.2,0,0,0.0412,0,0,0.2966
"2024","30","NE","All",6,17,23,0,0,0,208,121,10,12.1,0,0,0.0331818181818182,0,0,0.4015
"2024","30","SE","Pipiens",5,12,17,0,1,1,257,129,15,8.6,0.0038,2e-04,0.018,0.0327,0.0017,0.1548
"2024","30","SE","Tarsalis",0,15,15,0,1,1,235,235,15,15.67,0.0041,2e-04,0.0196,0.0642,0.0031,0.3071
"2024","30","SE","All",5,27,32,0,2,2,492,364,15,24.27,0.00399258343634116,0.000197775030902349,0.0190317264112073,0.0969,0.0048,0.4619
"2024","30","SW","Pipiens",1,6,7,0,0,0,86,48,9,5.33,0,0,0.0297,0,0,0.1583
"2024","30","SW","Tarsalis",0,7,7,0,0,0,31,31,9,3.44,0,0,0.0914,0,0,0.3144
"2024","30","SW","All",1,13,14,0,0,0,117,79,9,8.77,0,0,0.0538996579247434,0,0,0.4727
"2024","30","FC","Pipiens",13,35,48,0,1,1,750,383,43,8.91,0.0013,1e-04,0.0064,0.0116,9e-04,0.057
"2024","30","FC","Tarsalis",2,40,42,0,1,1,400,398,43,9.26,0.0025,1e-04,0.0119,0.0232,9e-04,0.1102
"2024","30","FC","All",15,75,90,0,2,2,1150,781,43,18.17,0.00191524490919097,9.90643918547055e-05,0.00920198128783709,0.0348,0.0018,0.1672
"2024","30","LV","Pipiens",0,5,5,0,0,0,22,22,6,3.67,0,0,0.1107,0,0,0.4063
"2024","30","LV","Tarsalis",0,9,9,0,0,0,314,314,6,52.33,0,0,0.0098,0,0,0.5128
"2024","30","LV","All",0,14,14,0,0,0,336,336,6,56,0,0,0.0164125,0,0,0.9191
"2024","30","BE","Pipiens",0,6,6,0,0,0,59,59,10,5.9,0,0,0.0432,0,0,0.2549
"2024","30","BE","Tarsalis",0,25,25,0,1,1,848,848,10,84.8,0.0012,1e-04,0.0058,0.1018,0.0085,0.4918
"2024","30","BE","All",0,31,31,0,1,1,907,907,10,90.7,0.00112238147739802,9.3715545755237e-05,0.00823263506063947,0.1018,0.0085,0.7467
"2024","30","BC","Tarsalis",0,5,5,0,1,1,245,245,5,49,0.0041,2e-04,0.021,0.2009,0.0098,1.029
"2024","30","BC","All",0,5,5,0,1,1,245,245,5,49,0.0041,2e-04,0.021,0.2009,0.0098,1.029
"2024","31","NW","Pipiens",4,7,11,0,0,0,238,48,9,5.33,0,0,0.0123,0,0,0.0656
"2024","31","NW","Tarsalis",1,8,9,0,0,0,118,117,9,13,0,0,0.0228,0,0,0.2964
"2024","31","NW","All",5,15,20,0,0,0,356,165,9,18.33,0,0,0.0197490452809602,0,0,0.362
"2024","31","NE","Pipiens",5,8,13,0,0,0,173,61,10,6.1,0,0,0.0175,0,0,0.1067
"2024","31","NE","Tarsalis",1,11,12,0,1,1,234,233,10,23.3,0.0044,3e-04,0.023,0.1025,0.007,0.5359
"2024","31","NE","All",6,19,25,0,1,1,407,294,10,29.4,0.00348639455782313,0.000238095238095238,0.0218571428571429,0.1025,0.007,0.6426
"2024","31","SE","Pipiens",3,14,17,0,0,0,191,88,15,5.87,0,0,0.0158,0,0,0.0927
"2024","31","SE","Tarsalis",1,20,21,0,3,3,561,560,15,37.33,0.0057,0.0015,0.0156,0.2128,0.056,0.5823
"2024","31","SE","All",4,34,38,0,3,3,752,648,15,43.2,0.00492592592592593,0.0012962962962963,0.015625,0.2128,0.056,0.675
"2024","31","SW","Pipiens",1,7,8,0,0,0,75,31,9,3.44,0,0,0.032,0,0,0.1101
"2024","31","SW","Tarsalis",0,9,9,0,0,0,79,79,9,8.78,0,0,0.035,0,0,0.3073
"2024","31","SW","All",1,16,17,0,0,0,154,110,9,12.22,0,0,0.0341571194762684,0,0,0.4174
"2024","31","FC","Pipiens",13,36,49,0,0,0,677,228,43,5.3,0,0,0.0052,0,0,0.0276
"2024","31","FC","Tarsalis",3,48,51,0,4,4,992,989,43,23,0.0043,0.0014,0.0104,0.0989,0.0322,0.2392
"2024","31","FC","All",16,84,100,0,4,4,1669,1217,43,28.3,0.00349469964664311,0.00113780918727915,0.00942756183745583,0.0989,0.0322,0.2668
"2024","31","LV","Pipiens",0,4,4,0,0,0,14,14,6,2.33,0,0,0.1604,0,0,0.3737
"2024","31","LV","Tarsalis",0,9,9,0,1,1,263,263,6,43.83,0.0035,2e-04,0.0168,0.1534,0.0088,0.7363
"2024","31","LV","All",0,13,13,0,1,1,277,277,6,46.16,0.00332322357019064,0.000190641247833622,0.0240467937608319,0.1534,0.0088,1.11
"2024","31","BE","Pipiens",0,2,2,0,0,0,11,11,10,1.1,0,0,0.1674,0,0,0.1841
"2024","31","BE","Tarsalis",0,9,9,0,1,1,323,323,10,32.3,0.0031,2e-04,0.0158,0.1001,0.0065,0.5103
"2024","31","BE","All",0,11,11,0,1,1,334,334,10,33.4,0.00299700598802395,0.000194610778443114,0.0207904191616766,0.1001,0.0065,0.6944
"2024","31","BC","Tarsalis",0,5,5,0,0,0,245,245,5,49,0,0,0.0116,0,0,0.5684
"2024","31","BC","All",0,5,5,0,0,0,245,245,5,49,0,0,0.0116,0,0,0.5684
"2024","32","NW","Pipiens",2,8,10,0,1,1,177,126,8,15.75,0.0061,3e-04,0.0323,0.0961,0.0047,0.5087
"2024","32","NW","Tarsalis",0,10,10,0,2,2,126,126,8,15.75,0.0145,0.0032,0.0435,0.2284,0.0504,0.6851
"2024","32","NW","All",2,18,20,0,3,3,303,252,8,31.5,0.0103015873015873,0.00174920634920635,0.0378984126984127,0.3245,0.0551,1.1938
"2024","32","NE","Pipiens",4,7,11,1,1,2,142,82,10,8.2,0.0151,0.0028,0.0504,0.1238,0.023,0.4133
"2024","32","NE","Tarsalis",1,12,13,0,0,0,281,279,10,27.9,0,0,0.0112,0,0,0.3125
"2024","32","NE","All",5,19,24,1,1,2,423,361,10,36.1,0.00342936288088643,0.000637119113573407,0.0201052631578947,0.1238,0.023,0.7258
"2024","32","SE","Pipiens",4,10,14,2,0,2,235,123,15,8.2,0.0088,0.0017,0.0289,0.0722,0.0139,0.237
"2024","32","SE","Tarsalis",2,15,17,0,0,0,227,223,15,14.87,0,0,0.0136,0,0,0.2022
"2024","32","SE","All",6,25,31,2,0,2,462,346,15,23.07,0.00312960554833117,0.000602514087559601,0.019037711313394,0.0722,0.0139,0.4392
"2024","32","SW","Pipiens",1,6,7,0,0,0,44,28,8,3.5,0,0,0.0605,0,0,0.2118
"2024","32","SW","Tarsalis",0,6,6,0,0,0,53,53,8,6.62,0,0,0.0532,0,0,0.3522
"2024","32","SW","All",1,12,13,0,0,0,97,81,8,10.12,0,0,0.0557312252964427,0,0,0.564
"2024","32","FC","Pipiens",11,31,42,3,2,5,598,359,41,8.76,0.0092,0.0034,0.0206,0.0806,0.0298,0.1805
"2024","32","FC","Tarsalis",3,43,46,0,2,2,687,681,41,16.61,0.0029,5e-04,0.0092,0.0482,0.0083,0.1528
"2024","32","FC","All",14,74,88,3,4,7,1285,1040,41,25.37,0.00507686243594797,0.00150177374852188,0.01313756405203,0.1288,0.0381,0.3333
"2024","32","LV","Pipiens",0,4,4,0,0,0,16,16,6,2.67,0,0,0.1538,0,0,0.4106
"2024","32","LV","Tarsalis",0,10,10,0,2,2,303,303,6,50.5,0.0072,0.0013,0.0247,0.3636,0.0656,1.2473
"2024","32","LV","All",0,14,14,0,2,2,319,319,6,53.17,0.00683844273086327,0.00123377844649238,0.0311811171713372,0.3636,0.0656,1.6579
"2024","32","BE","Pipiens",0,7,7,0,1,1,88,88,10,8.8,0.0129,7e-04,0.0759,0.1135,0.0062,0.6679
"2024","32","BE","Tarsalis",0,21,21,0,1,1,560,560,10,56,0.0018,1e-04,0.0089,0.1008,0.0056,0.4984
"2024","32","BE","All",0,28,28,0,2,2,648,648,10,64.8,0.0033070987654321,0.000182098765432099,0.0179984567901235,0.2143,0.0118,1.1663
"2024","32","BC","Tarsalis",0,5,5,0,1,1,172,172,5,34.4,0.0061,4e-04,0.0326,0.2098,0.0138,1.1214
"2024","32","BC","All",0,5,5,0,1,1,172,172,5,34.4,0.00609883720930233,0.000401162790697674,0.0325988372093023,0.2098,0.0138,1.1214
"2024","33","NW","Pipiens",2,7,9,0,0,0,76,43,9,4.78,0,0,0.0367,0,0,0.1754
"2024","33","NW","Tarsalis",0,9,9,0,0,0,58,58,9,6.44,0,0,0.0463,0,0,0.2982
"2024","33","NW","All",2,16,18,0,0,0,134,101,9,11.22,0,0,0.0422103386809269,0,0,0.4736
"2024","33","NE","Pipiens",4,8,12,1,1,2,212,85,10,8.5,0.0102,0.0019,0.0343,0.0867,0.0162,0.2915
"2024","33","NE","Tarsalis",1,10,11,0,0,0,234,232,10,23.2,0,0,0.0133,0,0,0.3086
"2024","33","NE","All",5,18,23,1,1,2,446,317,10,31.7,0.00273501577287066,0.000511041009463722,0.0189305993690852,0.0867,0.0162,0.6001
"2024","33","SE","Pipiens",8,13,21,1,0,1,359,69,15,4.6,0.0027,2e-04,0.0129,0.0124,9e-04,0.0593
"2024","33","SE","Tarsalis",1,15,16,0,0,0,272,271,15,18.07,0,0,0.0117,0,0,0.2114
"2024","33","SE","All",9,28,37,1,0,1,631,340,15,22.67,0.000546978385531539,3.97000441111601e-05,0.0119408910454345,0.0124,9e-04,0.2707
"2024","33","SW","Pipiens",1,7,8,0,0,0,33,14,9,1.56,0,0,0.0723,0,0,0.1128
"2024","33","SW","Tarsalis",0,7,7,0,0,0,40,40,9,4.44,0,0,0.0696,0,0,0.309
"2024","33","SW","All",1,14,15,0,0,0,73,54,9,6,0,0,0.0703,0,0,0.4218
"2024","33","FC","Pipiens",15,35,50,2,1,3,680,211,43,4.91,0.0045,0.0012,0.0123,0.0221,0.0059,0.0604
"2024","33","FC","Tarsalis",2,41,43,0,0,0,604,601,43,13.98,0,0,0.0059,0,0,0.0825
"2024","33","FC","All",17,76,93,2,1,3,1284,812,43,18.89,0.00116993118051879,0.000312334568554791,0.00756484912652197,0.0221,0.0059,0.1429
"2024","33","LV","Pipiens",0,5,5,0,0,0,31,31,6,5.17,0,0,0.0781,0,0,0.4038
"2024","33","LV","Tarsalis",0,9,9,0,0,0,249,249,6,41.5,0,0,0.0118,0,0,0.4897
"2024","33","LV","All",0,14,14,0,0,0,280,280,6,46.67,0,0,0.0191450610670666,0,0,0.8935
"2024","33","BE","Pipiens",0,9,9,0,0,0,97,97,10,9.7,0,0,0.0285,0,0,0.2764
"2024","33","BE","Tarsalis",0,15,15,0,2,2,376,376,10,37.6,0.0055,0.001,0.0184,0.2068,0.0376,0.6918
"2024","33","BE","All",0,24,24,0,2,2,473,473,10,47.3,0.00437209302325581,0.00079492600422833,0.0204693446088795,0.2068,0.0376,0.9682
"2024","33","BC","Tarsalis",0,5,5,0,1,1,136,136,5,27.2,0.0079,5e-04,0.0441,0.2149,0.0136,1.1995
"2024","33","BC","All",0,5,5,0,1,1,136,136,5,27.2,0.00790073529411765,5e-04,0.0440992647058824,0.2149,0.0136,1.1995
"2024","34","NW","Pipiens",3,9,12,0,0,0,163,49,9,5.44,0,0,0.0174,0,0,0.0947
"2024","34","NW","Tarsalis",1,8,9,0,0,0,50,49,9,5.44,0,0,0.0568,0,0,0.309
"2024","34","NW","All",4,17,21,0,0,0,213,98,9,10.88,0,0,0.0371047794117647,0,0,0.4037
"2024","34","NE","Pipiens",10,7,17,4,1,5,434,73,10,7.3,0.0144,0.0055,0.033,0.1051,0.0402,0.2409
"2024","34","NE","Tarsalis",1,10,11,0,2,2,161,160,10,16,0.0131,0.0025,0.0433,0.2096,0.04,0.6928
"2024","34","NE","All",11,17,28,4,3,7,595,233,10,23.3,0.0135064377682403,0.00344206008583691,0.0400729613733906,0.3147,0.0802,0.9337
"2024","34","SE","Pipiens",6,12,18,2,1,3,329,122,14,8.71,0.0099,0.0027,0.0271,0.0862,0.0235,0.236
"2024","34","SE","Tarsalis",0,14,14,0,0,0,163,163,14,11.64,0,0,0.0191,0,0,0.2223
"2024","34","SE","All",6,26,32,2,1,3,492,285,14,20.35,0.00423587223587224,0.00115479115479115,0.0225208845208845,0.0862,0.0235,0.4583
"2024","34","SW","Pipiens",1,5,6,1,0,1,35,12,9,1.33,0.0342,0.0019,0.2224,0.0455,0.0025,0.2958
"2024","34","SW","Tarsalis",0,7,7,0,0,0,39,39,9,4.33,0,0,0.0659,0,0,0.2853
"2024","34","SW","All",1,12,13,1,0,1,74,51,9,5.66,0.00803886925795053,0.000441696113074205,0.102667844522968,0.0455,0.0025,0.5811
"2024","34","FC","Pipiens",20,33,53,7,2,9,961,256,42,6.1,0.011,0.0054,0.0202,0.0671,0.0329,0.1232
"2024","34","FC","Tarsalis",2,39,41,0,2,2,413,411,42,9.79,0.005,9e-04,0.0163,0.0489,0.0088,0.1596
"2024","34","FC","All",22,72,94,7,4,11,1374,667,42,15.89,0.00730018879798616,0.00262429200755192,0.0177973568281938,0.116,0.0417,0.2828
"2024","34","LV","Pipiens",0,3,3,0,0,0,62,62,6,10.33,0,0,0.0365,0,0,0.377
"2024","34","LV","Tarsalis",0,10,10,0,2,2,293,293,6,48.83,0.0076,0.0014,0.0266,0.3711,0.0684,1.2989
"2024","34","LV","All",0,13,13,0,2,2,355,355,6,59.16,0.00627281947261663,0.00115618661257606,0.0283282623394185,0.3711,0.0684,1.6759
"2024","34","BE","Pipiens",0,12,12,0,1,1,144,144,10,14.4,0.0073,4e-04,0.0394,0.1051,0.0058,0.5674
"2024","34","BE","Tarsalis",0,15,15,0,1,1,215,215,10,21.5,0.0049,3e-04,0.0251,0.1054,0.0064,0.5396
"2024","34","BE","All",0,27,27,0,2,2,359,359,10,35.9,0.00586350974930362,0.00033983286908078,0.0308356545961003,0.2105,0.0122,1.107
"2024","34","BC","Tarsalis",0,5,5,0,1,1,53,53,5,10.6,0.0188,0.0011,0.0922,0.1993,0.0117,0.9773
"2024","34","BC","All",0,5,5,0,1,1,53,53,5,10.6,0.0188018867924528,0.00110377358490566,0.0921981132075472,0.1993,0.0117,0.9773
"2024","35","NW","Pipiens",2,7,9,0,0,0,126,49,9,5.44,0,0,0.0221,0,0,0.1202
"2024","35","NW","Tarsalis",1,8,9,0,0,0,29,28,9,3.11,0,0,0.0979,0,0,0.3045
"2024","35","NW","All",3,15,18,0,0,0,155,77,9,8.55,0,0,0.049672514619883,0,0,0.4247
"2024","35","NE","Pipiens",5,8,13,1,1,2,195,70,10,7,0.0106,0.002,0.0343,0.0742,0.014,0.2401
"2024","35","NE","Tarsalis",0,9,9,0,2,2,40,40,10,4,0.0504,0.0097,0.1546,0.2016,0.0388,0.6184
"2024","35","NE","All",5,17,22,1,3,4,235,110,10,11,0.0250727272727273,0.0048,0.0780454545454545,0.2758,0.0528,0.8585
"2024","35","SE","Pipiens",5,12,17,0,0,0,274,113,15,7.53,0,0,0.0118,0,0,0.0889
"2024","35","SE","Tarsalis",0,14,14,0,0,0,163,163,15,10.87,0,0,0.0194,0,0,0.2109
"2024","35","SE","All",5,26,31,0,0,0,437,276,15,18.4,0,0,0.0162934782608696,0,0,0.2998
"2024","35","SW","Pipiens",1,8,9,0,0,0,75,45,9,5,0,0,0.0362,0,0,0.181
"2024","35","SW","Tarsalis",0,9,9,0,0,0,45,45,9,5,0,0,0.0594,0,0,0.297
"2024","35","SW","All",1,17,18,0,0,0,120,90,9,10,0,0,0.0478,0,0,0.478
"2024","35","FC","Pipiens",13,35,48,1,1,2,670,277,43,6.44,0.003,5e-04,0.0098,0.0193,0.0032,0.0631
"2024","35","FC","Tarsalis",1,40,41,0,2,2,277,276,43,6.42,0.0071,0.0013,0.0228,0.0456,0.0083,0.1464
"2024","35","FC","All",14,75,89,1,3,4,947,553,43,12.86,0.00504665629860031,0.000894245723172628,0.0162908242612753,0.0649,0.0115,0.2095
"2024","35","LV","Pipiens",0,6,6,0,0,0,52,52,6,8.67,0,0,0.0428,0,0,0.3711
"2024","35","LV","Tarsalis",0,5,5,0,0,0,81,81,6,13.5,0,0,0.0284,0,0,0.3834
"2024","35","LV","All",0,11,11,0,0,0,133,133,6,22.17,0,0,0.0340324763193505,0,0,0.7545
"2024","35","BE","Pipiens",0,9,9,0,0,0,52,52,10,5.2,0,0,0.0536,0,0,0.2787
"2024","35","BE","Tarsalis",0,8,8,0,0,0,63,63,10,6.3,0,0,0.0419,0,0,0.264
"2024","35","BE","All",0,17,17,0,0,0,115,115,10,11.5,0,0,0.0471913043478261,0,0,0.5427
"2024","35","BC","Pipiens",0,2,2,0,0,0,15,15,3,5,0,0,0.1292,0,0,0.646
"2024","35","BC","Tarsalis",0,3,3,0,0,0,20,20,3,6.67,0,0,0.1153,0,0,0.7691
"2024","35","BC","All",0,5,5,0,0,0,35,35,3,11.67,0,0,0.121259640102828,0,0,1.4151
"2024","36","NW","Pipiens",4,8,12,3,0,3,193,27,9,3,0.0206,0.0057,0.062,0.0618,0.0171,0.186
"2024","36","NW","Tarsalis",1,4,5,0,0,0,8,7,9,0.78,0,0,0.2749,0,0,0.2144
"2024","36","NW","All",5,12,17,3,0,3,201,34,9,3.78,0.0163492063492063,0.00452380952380952,0.105925925925926,0.0618,0.0171,0.4004
"2024","36","NE","Pipiens",5,7,12,3,0,3,300,134,10,13.4,0.0115,0.0031,0.0322,0.1541,0.0415,0.4315
"2024","36","NE","Tarsalis",0,9,9,0,0,0,43,43,10,4.3,0,0,0.0673,0,0,0.2894
"2024","36","NE","All",5,16,21,3,0,3,343,177,10,17.7,0.00870621468926554,0.00234463276836158,0.040728813559322,0.1541,0.0415,0.7209
"2024","36","SE","Pipiens",3,13,16,1,1,2,120,81,15,5.4,0.0175,0.0032,0.0573,0.0945,0.0173,0.3094
"2024","36","SE","Tarsalis",0,11,11,0,0,0,55,55,15,3.67,0,0,0.0528,0,0,0.1938
"2024","36","SE","All",3,24,27,1,1,2,175,136,15,9.07,0.0104189636163175,0.00190738699007718,0.0554796030871003,0.0945,0.0173,0.5032
"2024","36","SW","Pipiens",1,7,8,0,0,0,24,13,9,1.44,0,0,0.1054,0,0,0.1518
"2024","36","SW","Tarsalis",0,4,4,0,0,0,6,6,9,0.67,0,0,0.3542,0,0,0.2373
"2024","36","SW","All",1,11,12,0,0,0,30,19,9,2.11,0,0,0.184407582938389,0,0,0.3891
"2024","36","FC","Pipiens",13,35,48,7,1,8,637,255,43,5.93,0.0154,0.0072,0.0297,0.0913,0.0427,0.1761
"2024","36","FC","Tarsalis",1,28,29,0,0,0,112,111,43,2.58,0,0,0.0301,0,0,0.0777
"2024","36","FC","All",14,63,77,7,1,8,749,366,43,8.51,0.0107285546415981,0.00501762632197415,0.0298237367802585,0.0913,0.0427,0.2538
"2024","36","BC","Pipiens",0,1,1,0,0,0,12,12,4,3,0,0,0.1232,0,0,0.3696
"2024","36","BC","Tarsalis",0,4,4,0,0,0,24,24,4,6,0,0,0.1058,0,0,0.6348
"2024","36","BC","All",0,5,5,0,0,0,36,36,4,9,0,0,0.1116,0,0,1.0044
"2024","37","NW","Pipiens",2,9,11,1,0,1,78,34,9,3.78,0.0145,8e-04,0.0804,0.0548,0.003,0.3039
"2024","37","NW","Tarsalis",0,3,3,0,0,0,4,4,9,0.44,0,0,0.4507,0,0,0.1983
"2024","37","NW","All",2,12,14,1,0,1,82,38,9,4.22,0.0129857819905213,0.000710900473933649,0.119004739336493,0.0548,0.003,0.5022
"2024","37","NE","Pipiens",4,9,13,1,0,1,157,111,10,11.1,0.0059,4e-04,0.0277,0.0655,0.0044,0.3075
"2024","37","NE","Tarsalis",0,8,8,0,0,0,25,25,10,2.5,0,0,0.1122,0,0,0.2805
"2024","37","NE","All",4,17,21,1,0,1,182,136,10,13.6,0.00481617647058824,0.000323529411764706,0.0432352941176471,0.0655,0.0044,0.588
"2024","37","SE","Pipiens",3,9,12,0,0,0,102,39,15,2.6,0,0,0.026,0,0,0.0676
"2024","37","SE","Tarsalis",0,11,11,0,0,0,31,31,15,2.07,0,0,0.0984,0,0,0.2037
"2024","37","SE","All",3,20,23,0,0,0,133,70,15,4.67,0,0,0.0580942184154176,0,0,0.2713
"2024","37","SW","Pipiens",1,3,4,0,0,0,19,9,9,1,0,0,0.1199,0,0,0.1199
"2024","37","SW","Tarsalis",0,5,5,0,0,0,7,7,9,0.78,0,0,0.3277,0,0,0.2556
"2024","37","SW","All",1,8,9,0,0,0,26,16,9,1.78,0,0,0.210955056179775,0,0,0.3755
"2024","37","FC","Pipiens",10,30,40,2,0,2,356,193,43,4.49,0.0057,0.001,0.0186,0.0256,0.0045,0.0835
"2024","37","FC","Tarsalis",0,27,27,0,0,0,67,67,43,1.56,0,0,0.0511,0,0,0.0797
"2024","37","FC","All",10,57,67,2,0,2,423,260,43,6.05,0.00423140495867769,0.000743801652892562,0.0269752066115702,0.0256,0.0045,0.1632
"2024","37","BC","Pipiens",0,3,3,0,0,0,19,19,3,6.33,0,0,0.1195,0,0,0.7564
"2024","37","BC","Tarsalis",0,2,2,0,0,0,5,5,3,1.67,0,0,0.3454,0,0,0.5768
"2024","37","BC","All",0,5,5,0,0,0,24,24,3,8,0,0,0.16665,0,0,1.3332
